<?xml version="1.0"?>
<pagescount>
	<html_total>1</html_total>
	<html_done>1</html_done>
	<images>7</images>
	<script>6</script>
	<css>3</css>
	<pdf/>
	<documents/>
	<excel/>
	<powerpoint/>
	<flash/>
	<audios/>
	<videos>1</videos>
	<xml/>
	<json/>
	<txt/>
	<autocad/>
	<model_3d/>
	<fonts/>
	<scraping_reload>1</scraping_reload>
	<is_pretty_url>false</is_pretty_url>
	<has_trailing_slash>false</has_trailing_slash>
	<is_ebn>false</is_ebn>
	<email>wdo@waybackmachinedownloader.com</email>
	<theme_name>WmdTheme979881</theme_name>
	<server_url_front_page>https://www6.waybackmachinedownloader.com/wdo/files/demo/tg-link-generator-bot-020-daf810b98d3c.herokuapp.com_wdo_waybackmachinedownloader.com_c6jq9p46dg/</server_url_front_page>
	<no_www_url>tg-link-generator-bot-020-daf810b98d3c.herokuapp.com</no_www_url>
	<hosted_domain/>
	<original_archive_url>https://tg-link-generator-bot-020-daf810b98d3c.herokuapp.com/watch/67a6f7465f069b80d6bcfe5d</original_archive_url>
	<final_archive_url>https://tg-link-generator-bot-020-daf810b98d3c.herokuapp.com/watch/67a6f7465f069b80d6bcfe5d</final_archive_url>
	<front_page_code_date/>
	<total_urls_from_api/>
	<max_reached_live>false</max_reached_live>
	<scrape_other_captures>false</scrape_other_captures>
	<total_size>2108</total_size>
</pagescount>
